{
    "description": "Pipeline for parsing logstash logs in the plain format",
    "on_failure": [
        {
            "set": {
                "field": "error.message",
                "value": "{{ _ingest.on_failure_message }}"
            }
        }
    ],
    "processors": [
        {
            "grok": {
                "field": "message",
                "pattern_definitions": {
                    "LOGSTASH_CLASS_MODULE": "[\\w\\.]+\\s*",
                    "LOGSTASH_LOGLEVEL": "INFO|ERROR|DEBUG|FATAL|WARN|TRACE"
                },
                "patterns": [
                    "\\[%{TIMESTAMP_ISO8601:logstash.slowlog.timestamp}\\]\\[%{LOGSTASH_LOGLEVEL:logstash.slowlog.level}\\s?\\]\\[%{LOGSTASH_CLASS_MODULE:logstash.slowlog.module}\\] %{GREEDYDATA:logstash.slowlog.message}"
                ]
            }
        },
        {
            "grok": {
                "field": "logstash.slowlog.module",
                "patterns": [
                    "slowlog.logstash.%{WORD:logstash.slowlog.plugin_type}.%{WORD:logstash.slowlog.plugin_name}"
                ]
            }
        },
        {
            "grok": {
                "field": "logstash.slowlog.message",
                "patterns": [
                    "{:plugin_params=>%{GREEDYDATA:logstash.slowlog.plugin_params}, :took_in_nanos=>%{NUMBER:logstash.slowlog.took_in_nanos}, :took_in_millis=>%{NUMBER:logstash.slowlog.took_in_millis}, :event=>%{GREEDYDATA:logstash.slowlog.event}}"
                ]
            }
        },
        {
            "remove": {
                "field": "message"
            }
        },
        {
            "rename": {
                "field": "@timestamp",
                "target_field": "read_timestamp"
            }
        },
        {
            "date": {
                "field": "logstash.slowlog.timestamp",
                "target_field": "@timestamp",
                "formats": [
                  "ISO8601"
              ],
              {< if .convert_timezone >}"timezone": "{{ event.timezone }}",{< end >}
              "ignore_failure": true
            }
        },
        {
            "remove": {
                "field": "logstash.slowlog.timestamp"
            }
        },
        {
            "convert": {
                "field": "logstash.slowlog.took_in_nanos",
                "type": "long"
            }
        },
        {
            "convert": {
                "field": "logstash.slowlog.took_in_millis",
                "type": "long"
            }
        }
    ]
}
