{
    "description": "Pipeline for parsing elasticsearch audit logs",
    "processors": [
        {
            "rename": {
                "field": "@timestamp",
                "target_field": "event.created"
            }
        },
        {
            "grok": {
                "field": "message",
                "pattern_definitions": {
                    "ES_TIMESTAMP": "\\[%{TIMESTAMP_ISO8601:elasticsearch.audit.timestamp}\\]",
                    "ES_NODE_NAME": "(\\[%{DATA:elasticsearch.node.name}\\])?",
                    "ES_AUDIT_LAYER": "\\[%{WORD:elasticsearch.audit.layer}\\]",
                    "ES_AUDIT_EVENT_TYPE": "\\[%{WORD:elasticsearch.audit.event_type}\\]",
                    "ES_AUDIT_ORIGIN_TYPE": "(origin_type\\=\\[%{WORD:elasticsearch.audit.origin_type}\\])?",
                    "ES_AUDIT_ORIGIN_ADDRESS": "(origin_address\\=\\[%{IPORHOST:elasticsearch.audit.origin_address}\\])?",
                    "ES_AUDIT_PRINCIPAL": "(principal\\=\\[%{WORD:elasticsearch.audit.principal}\\])?",
                    "ES_AUDIT_REALM": "(realm\\=\\[%{WORD:elasticsearch.audit.realm}\\])?",
                    "ES_AUDIT_ROLES": "(roles\\=\\[%{DATA:elasticsearch.audit.roles}\\])?",
                    "ES_AUDIT_ACTION": "(action\\=\\[%{DATA:elasticsearch.audit.action}(\\[%{DATA:elasticsearch.audit.sub_action}\\])?\\])?",
                    "ES_AUDIT_URI": "(uri=\\[%{DATA:elasticsearch.audit.uri}\\])?",
                    "ES_AUDIT_INDICES": "(indices\\=\\[%{DATA:elasticsearch.audit.indices}\\])?",
                    "ES_AUDIT_REQUEST": "(request\\=\\[%{WORD:elasticsearch.audit.request}\\])?",
                    "ES_AUDIT_REQUEST_BODY": "(request_body\\=\\[%{DATA:elasticsearch.audit.request_body}\\])?"
                },
                "patterns": [
                    "%{ES_TIMESTAMP}\\s*%{ES_NODE_NAME}\\s*%{ES_AUDIT_LAYER}\\s*%{ES_AUDIT_EVENT_TYPE}\\s*%{ES_AUDIT_ORIGIN_TYPE},?\\s*%{ES_AUDIT_ORIGIN_ADDRESS},?\\s*%{ES_AUDIT_PRINCIPAL},?\\s*%{ES_AUDIT_REALM},?\\s*%{ES_AUDIT_ROLES},?\\s*%{ES_AUDIT_ACTION},?\\s*%{ES_AUDIT_INDICES},?\\s*%{ES_AUDIT_URI},?\\s*%{ES_AUDIT_REQUEST},?\\s*%{ES_AUDIT_REQUEST_BODY},?"
                ]
            }
        },
        {
            "split": {
                "field": "elasticsearch.audit.roles",
                "separator": ",",
                "ignore_missing": true
            }
        },
        {
            "split": {
                "field": "elasticsearch.audit.indices",
                "separator": ",",
                "ignore_missing": true
            }
        },
        {
            "script": {
                "lang": "painless",
                "source": "if (ctx.elasticsearch.audit.sub_action != null) { ctx.elasticsearch.audit.action += '[' + ctx.elasticsearch.audit.sub_action + ']' }"
            }
        },
        {
            "remove": {
                "field": "elasticsearch.audit.sub_action",
                "ignore_missing": true
            }
        },
        {
            "date": {
                "field": "elasticsearch.audit.timestamp",
                "target_field": "@timestamp",
                "formats": [
                    "ISO8601"
                ],
                {< if .convert_timezone >}"timezone": "{{ event.timezone }}",{< end >}
                "ignore_failure": true
            }
        },
        {
            "remove": {
                "field": "elasticsearch.audit.timestamp"
            }
        }
    ],
    "on_failure": [
        {
            "set": {
                "field": "error.message",
                "value": "{{ _ingest.on_failure_message }}"
            }
        }
    ]
}
